{
  "description": "Creates a new Amazon Machine Image (AMI) from an Amazon EC2 instance",
  "schemaVersion": "0.3",
  "assumeRole": "{{ AutomationAssumeRole }}",
  "parameters": {
    "InstanceId": {
      "type": "String",
      "description": "(Required) The ID of the Amazon EC2 instance."
      "default": "{{Target_ID}}"
    },
    "NoReboot": {
      "type": "Boolean",
      "description": "(Optional) Do not reboot the instance before creating the image.",
      "default": true
    },
    "AutomationAssumeRole": {
      "type": "String",
      "description": "(Optional) The ARN of the role that allows Automation to perform the actions on your behalf. ",
      "default": ""
    }
  },
  "mainSteps": [
    {
      "name": "getImageId",
      "action": "aws:executeAwsApi",
      "onFailure": "Continue",
      "inputs": {
        "Service": "ec2",
        "Api": "DescribeImages",
        "Filters": [
          {
            "Name": "tag:Name",
            "Values": [
              "AMI_{{ InstanceId }}"
            ]
          }
        ]
      },
      "outputs": [
        {
          "Name": "oldImageId",
          "Selector": "$.Images[0].ImageId",
          "Type": "String"
        }
      ]
    },
    {
      "name": "deleteMyImage",
      "action": "aws:executeAutomation",
      "onFailure": "Continue",
      "inputs": {
        "DocumentName": "AWS-DeleteImage",
        "RuntimeParameters": {
          "ImageId": "{{ getImageId.oldImageId }}"
        }
      }
    },
    {
      "name": "createImage",
      "action": "aws:createImage",
      "onFailure": "Continue",
      "inputs": {
        "InstanceId": "{{ InstanceId }}",
        "ImageName": "{{ InstanceId }}_{{automation:EXECUTION_ID}}",
        "NoReboot": "{{ NoReboot }}"
      }
    },
    {
      "name": "createTags",
      "action": "aws:createTags",
      "onFailure": "Continue",
      "inputs": {
        "ResourceIds": [
          "{{ createImage.ImageId }}"
        ],
        "Tags": [
          {
            "Key": "Name",
            "Value": "AMI_{{ InstanceId }}"
          }
        ]
      }
    }
  ],
  "outputs": [
    "createImage.ImageId"
  ]
}
