{"Modules":[{"Key":"lncloudtesttwo","Source":"./modules/iaac","Dir":"modules\\iaac"},{"Key":"lncloud1010000-NACLtest","Source":"./modules/iaac","Dir":"modules\\iaac"},{"Key":"lncloudncal","Source":"./modules/iaac","Dir":"modules\\iaac"},{"Key":"lncloud10100005","Source":"./modules/iaac","Dir":"modules\\iaac"},{"Key":"lncloud10100003","Source":"./modules/iaac","Dir":"modules\\iaac"},{"Key":"patching","Source":"./modules/patching","Dir":"modules\\patching"},{"Key":"lncloud10100001","Source":"./modules/iaac","Dir":"modules\\iaac"},{"Key":"lncloud1010000nacltest","Source":"./modules/iaac","Dir":"modules\\iaac"},{"Key":"lncloud10100006","Source":"./modules/iaac","Dir":"modules\\iaac"},{"Key":"lncloud10100007","Source":"./modules/iaac","Dir":"modules\\iaac"},{"Key":"","Source":"","Dir":"."},{"Key":"ssm","Source":"./modules/ssm","Dir":"modules\\ssm"},{"Key":"lncloud10100002","Source":"./modules/iaac","Dir":"modules\\iaac"},{"Key":"lncloudtestone","Source":"./modules/iaac","Dir":"modules\\iaac"},{"Key":"lncloud10100004","Source":"./modules/iaac","Dir":"modules\\iaac"},{"Key":"backup","Source":"./modules/backup","Dir":"modules\\backup"},{"Key":"lncloudtest","Source":"./modules/iaac","Dir":"modules\\iaac"}]}