{
    "Version": "2012-10-17",
    "Statement": [
        {
            "Sid": "VisualEditor0",
            "Effect": "Allow",
            "Action": "organizations:DescribeAccount",
            "Resource": "arn:aws:organizations::*:account/o-*/*"
        },
        {
            "Sid": "VisualEditor1",
            "Effect": "Allow",
            "Action": [
                "organizations:ListAccounts",
                "organizations:DescribeCreateAccountStatus",
		"organizations:*"
            ],
            "Resource": "*"
        }
    ]
}
