{
    "Version": "2012-10-17",
    "Statement": [
        {
            "Sid": "VisualEditor0",
            "Effect": "Allow",
            "Action": [
                "dynamodb:PutItem",
                "dynamodb:DescribeTable",
                "dynamodb:DeleteItem",
                "dynamodb:GetItem",
                "dynamodb:Query",
                "dynamodb:UpdateItem"
            ],
            "Resource": [
                "arn:aws:dynamodb:eu-central-1:*:table/accounts",
                "arn:aws:dynamodb:*:*:table/*/index/*"
            ]
        },
        {
            "Sid": "VisualEditor1",
            "Effect": "Allow",
            "Action": "dynamodb:ListTables",
            "Resource": "*"
        }
    ]
}