{
    "Version": "2012-10-17",
    "Statement": [
        {
            "Sid": "VisualEditor0",
            "Effect": "Allow",
            "Action": [
                "s3:PutObject",
                "s3:GetObjectAcl",
                "s3:GetObject",
                "s3:ListBucket",
                "s3:PutObjectAcl"
            ],
            "Resource": [
		    "_PROVBUCKETNAME_",
		    "_PROVBUCKETNAME_/*"
            ]
        },
        {
            "Sid": "VisualEditor1",
            "Effect": "Allow",
            "Action": [
                "s3:ListAllMyBuckets",
                "s3:HeadBucket",
		"kms:Decrypt",
		"kms:ReEncryptFrom",
                "kms:ListKeys",
		"kms:Encrypt",
                "kms:ListAliases",
                "kms:ReEncryptTo",
                "kms:GenerateDataKey",
                "kms:DescribeKey"
            ],
            "Resource": "_KMSKEYID_"
        }
    ]
}
